text,label
"Fake email asks the user to click a malicious link","Phishing"
"Attacker sends a fake login page to steal passwords","Phishing"
"Fraudulent email is used to collect banking information","Phishing"
"Malicious website tricks users into entering their credentials","Phishing"
"Fake message contains a link designed to steal personal information","Phishing"
"Malware infects the computer through a malicious file","Malware"
"Trojan software secretly accesses the user's computer","Malware"
"A malicious program damages files and steals information","Malware"
"Virus spreads through infected files on the system","Malware"
"Spyware secretly monitors user activity","Malware"
"Ransomware encrypts files and demands payment","Ransomware"
"Attackers lock the victim's files and demand money","Ransomware"
"Malicious software encrypts important documents","Ransomware"
"The organization is affected by a ransomware attack","Ransomware"
"Cyber criminals demand cryptocurrency to unlock files","Ransomware"
"Attacker repeatedly tries different passwords to access an account","Brute Force"
"Multiple login attempts are made using different passwords","Brute Force"
"An attacker uses automated password guessing","Brute Force"
"Thousands of login attempts target the administrator account","Brute Force"
"Password guessing is used to gain unauthorized access","Brute Force"
"Sensitive customer information is stolen from the database","Data Theft"
"Attackers steal confidential company documents","Data Theft"
"Personal information is copied from a compromised system","Data Theft"
"Cyber criminals steal financial records from the server","Data Theft"
"Unauthorized users download sensitive data","Data Theft"
"Fake bank email asks users to click a link and enter their password","Phishing"
"Attackers send fake messages to steal login credentials","Phishing"
"A fake website tricks users into entering their bank details","Phishing"
"Fraudulent email asks the user to verify personal information","Phishing"
"A suspicious link asks the user to confirm their account password","Phishing"



